{
  "View Transactions" : {
    "transaction" : "View Transactions",
    "sampleCount" : 227,
    "errorCount" : 0,
    "errorPct" : 0.0,
    "meanResTime" : 193.71365638766534,
    "medianResTime" : 177.0,
    "minResTime" : 166.0,
    "maxResTime" : 991.0,
    "pct1ResTime" : 195.20000000000002,
    "pct2ResTime" : 214.79999999999995,
    "pct3ResTime" : 965.56,
    "throughput" : 0.4245379175947589,
    "receivedKBytesPerSec" : 0.9661466661617097,
    "sentKBytesPerSec" : 0.2383879908369008
  },
  "View Draw Schedules" : {
    "transaction" : "View Draw Schedules",
    "sampleCount" : 1473,
    "errorCount" : 7,
    "errorPct" : 0.47522065,
    "meanResTime" : 168.68295994568925,
    "medianResTime" : 159.0,
    "minResTime" : 151.0,
    "maxResTime" : 1968.0,
    "pct1ResTime" : 170.0,
    "pct2ResTime" : 189.29999999999995,
    "pct3ResTime" : 333.26,
    "throughput" : 2.418369759377955,
    "receivedKBytesPerSec" : 8.443038954859562,
    "sentKBytesPerSec" : 0.45580601910150914
  },
  "Health Check - Version" : {
    "transaction" : "Health Check - Version",
    "sampleCount" : 1,
    "errorCount" : 0,
    "errorPct" : 0.0,
    "meanResTime" : 1666.0,
    "medianResTime" : 1666.0,
    "minResTime" : 1666.0,
    "maxResTime" : 1666.0,
    "pct1ResTime" : 1666.0,
    "pct2ResTime" : 1666.0,
    "pct3ResTime" : 1666.0,
    "throughput" : 0.6002400960384153,
    "receivedKBytesPerSec" : 0.31008497148859543,
    "sentKBytesPerSec" : 0.10609712635054022
  },
  "Check Wallet Balance" : {
    "transaction" : "Check Wallet Balance",
    "sampleCount" : 246,
    "errorCount" : 4,
    "errorPct" : 1.6260163,
    "meanResTime" : 175.30894308943084,
    "medianResTime" : 163.0,
    "minResTime" : 157.0,
    "maxResTime" : 1049.0,
    "pct1ResTime" : 173.3,
    "pct2ResTime" : 179.64999999999998,
    "pct3ResTime" : 973.44,
    "throughput" : 0.42149342316054955,
    "receivedKBytesPerSec" : 0.09796429171114336,
    "sentKBytesPerSec" : 0.23750166519886437
  },
  "View Bet History" : {
    "transaction" : "View Bet History",
    "sampleCount" : 234,
    "errorCount" : 0,
    "errorPct" : 0.0,
    "meanResTime" : 181.71794871794862,
    "medianResTime" : 168.0,
    "minResTime" : 160.0,
    "maxResTime" : 1020.0,
    "pct1ResTime" : 178.5,
    "pct2ResTime" : 184.75,
    "pct3ResTime" : 981.3,
    "throughput" : 0.42382244375296585,
    "receivedKBytesPerSec" : 1.4819723914317229,
    "sentKBytesPerSec" : 0.23798623550581577
  },
  "Login" : {
    "transaction" : "Login",
    "sampleCount" : 50,
    "errorCount" : 2,
    "errorPct" : 4.0,
    "meanResTime" : 546.8599999999998,
    "medianResTime" : 464.5,
    "minResTime" : 444.0,
    "maxResTime" : 2156.0,
    "pct1ResTime" : 597.4,
    "pct2ResTime" : 1253.7499999999998,
    "pct3ResTime" : 2156.0,
    "throughput" : 0.4157070761658505,
    "receivedKBytesPerSec" : 0.2512916798307241,
    "sentKBytesPerSec" : 0.1092043002818494
  },
  "View Next Draw" : {
    "transaction" : "View Next Draw",
    "sampleCount" : 1463,
    "errorCount" : 2,
    "errorPct" : 0.1367054,
    "meanResTime" : 163.5010252904988,
    "medianResTime" : 158.0,
    "minResTime" : 151.0,
    "maxResTime" : 993.0,
    "pct1ResTime" : 167.0,
    "pct2ResTime" : 181.79999999999995,
    "pct3ResTime" : 290.1599999999994,
    "throughput" : 2.3970835210748374,
    "receivedKBytesPerSec" : 0.8591109885102199,
    "sentKBytesPerSec" : 0.4517940620775816
  },
  "Banks List (Baseline)" : {
    "transaction" : "Banks List (Baseline)",
    "sampleCount" : 1,
    "errorCount" : 0,
    "errorPct" : 0.0,
    "meanResTime" : 1383.0,
    "medianResTime" : 1383.0,
    "minResTime" : 1383.0,
    "maxResTime" : 1383.0,
    "pct1ResTime" : 1383.0,
    "pct2ResTime" : 1383.0,
    "pct3ResTime" : 1383.0,
    "throughput" : 0.7230657989877078,
    "receivedKBytesPerSec" : 24.86597862436732,
    "sentKBytesPerSec" : 0.1348687183658713
  },
  "Place Bet (CRITICAL)" : {
    "transaction" : "Place Bet (CRITICAL)",
    "sampleCount" : 160,
    "errorCount" : 0,
    "errorPct" : 0.0,
    "meanResTime" : 185.78124999999994,
    "medianResTime" : 183.5,
    "minResTime" : 173.0,
    "maxResTime" : 292.0,
    "pct1ResTime" : 193.0,
    "pct2ResTime" : 200.89999999999998,
    "pct3ResTime" : 254.17999999999915,
    "throughput" : 0.3043381501185968,
    "receivedKBytesPerSec" : 0.07370689573184766,
    "sentKBytesPerSec" : 0.28591142618563486
  },
  "View Draw Results" : {
    "transaction" : "View Draw Results",
    "sampleCount" : 1492,
    "errorCount" : 3,
    "errorPct" : 0.20107238,
    "meanResTime" : 163.5415549597856,
    "medianResTime" : 159.0,
    "minResTime" : 150.0,
    "maxResTime" : 1089.0,
    "pct1ResTime" : 167.0,
    "pct2ResTime" : 174.0,
    "pct3ResTime" : 284.04999999999905,
    "throughput" : 2.4205140185399694,
    "receivedKBytesPerSec" : 3.44875971977521,
    "sentKBytesPerSec" : 0.4514825952550138
  },
  "Get Banks List" : {
    "transaction" : "Get Banks List",
    "sampleCount" : 155,
    "errorCount" : 0,
    "errorPct" : 0.0,
    "meanResTime" : 214.31612903225803,
    "medianResTime" : 168.0,
    "minResTime" : 158.0,
    "maxResTime" : 657.0,
    "pct1ResTime" : 329.0,
    "pct2ResTime" : 355.39999999999947,
    "pct3ResTime" : 644.68,
    "throughput" : 0.2609884558912671,
    "receivedKBytesPerSec" : 8.975301244346653,
    "sentKBytesPerSec" : 0.04868046394065628
  },
  "Total" : {
    "transaction" : "Total",
    "sampleCount" : 7042,
    "errorCount" : 18,
    "errorPct" : 0.2556092,
    "meanResTime" : 171.56035217267834,
    "medianResTime" : 160.0,
    "minResTime" : 150.0,
    "maxResTime" : 2156.0,
    "pct1ResTime" : 178.0,
    "pct2ResTime" : 194.0,
    "pct3ResTime" : 456.0,
    "throughput" : 11.082852268506569,
    "receivedKBytesPerSec" : 25.187591244770978,
    "sentKBytesPerSec" : 3.015749725368117
  },
  "Check Balance Before Bet" : {
    "transaction" : "Check Balance Before Bet",
    "sampleCount" : 166,
    "errorCount" : 0,
    "errorPct" : 0.0,
    "meanResTime" : 167.38554216867462,
    "medianResTime" : 163.0,
    "minResTime" : 155.0,
    "maxResTime" : 420.0,
    "pct1ResTime" : 173.0,
    "pct2ResTime" : 183.55000000000004,
    "pct3ResTime" : 361.0400000000011,
    "throughput" : 0.29849887433557026,
    "receivedKBytesPerSec" : 0.06937766805846263,
    "sentKBytesPerSec" : 0.16819711962072662
  },
  "View Draws" : {
    "transaction" : "View Draws",
    "sampleCount" : 1137,
    "errorCount" : 0,
    "errorPct" : 0.0,
    "meanResTime" : 163.24626209322787,
    "medianResTime" : 159.0,
    "minResTime" : 150.0,
    "maxResTime" : 909.0,
    "pct1ResTime" : 170.0,
    "pct2ResTime" : 178.0999999999999,
    "pct3ResTime" : 265.47999999999956,
    "throughput" : 1.8812418512611104,
    "receivedKBytesPerSec" : 2.0594454250622114,
    "sentKBytesPerSec" : 0.4425738567360702
  },
  "View Profile" : {
    "transaction" : "View Profile",
    "sampleCount" : 237,
    "errorCount" : 0,
    "errorPct" : 0.0,
    "meanResTime" : 169.18987341772151,
    "medianResTime" : 167.0,
    "minResTime" : 160.0,
    "maxResTime" : 388.0,
    "pct1ResTime" : 175.20000000000002,
    "pct2ResTime" : 183.1,
    "pct3ResTime" : 206.10000000000002,
    "throughput" : 0.4203014465818143,
    "receivedKBytesPerSec" : 0.18059827782812332,
    "sentKBytesPerSec" : 0.23641956370227052
  }
}