{
  "View Transactions" : {
    "transaction" : "View Transactions",
    "sampleCount" : 53,
    "errorCount" : 0,
    "errorPct" : 0.0,
    "meanResTime" : 165.30188679245282,
    "medianResTime" : 165.0,
    "minResTime" : 157.0,
    "maxResTime" : 185.0,
    "pct1ResTime" : 173.0,
    "pct2ResTime" : 174.0,
    "pct3ResTime" : 185.0,
    "throughput" : 0.22917234192513417,
    "receivedKBytesPerSec" : 0.07452577134870085,
    "sentKBytesPerSec" : 0.1286856412177267
  },
  "View Draw Schedules" : {
    "transaction" : "View Draw Schedules",
    "sampleCount" : 363,
    "errorCount" : 1,
    "errorPct" : 0.2754821,
    "meanResTime" : 167.99173553718992,
    "medianResTime" : 157.0,
    "minResTime" : 151.0,
    "maxResTime" : 1540.0,
    "pct1ResTime" : 168.60000000000002,
    "pct2ResTime" : 196.60000000000002,
    "pct3ResTime" : 356.2400000000008,
    "throughput" : 1.172874609041797,
    "receivedKBytesPerSec" : 4.094752663402758,
    "sentKBytesPerSec" : 0.22105937455572933
  },
  "Health Check - Version" : {
    "transaction" : "Health Check - Version",
    "sampleCount" : 1,
    "errorCount" : 0,
    "errorPct" : 0.0,
    "meanResTime" : 2907.0,
    "medianResTime" : 2907.0,
    "minResTime" : 2907.0,
    "maxResTime" : 2907.0,
    "pct1ResTime" : 2907.0,
    "pct2ResTime" : 2907.0,
    "pct3ResTime" : 2907.0,
    "throughput" : 0.3439972480220158,
    "receivedKBytesPerSec" : 0.1777095158238734,
    "sentKBytesPerSec" : 0.06080420106639147
  },
  "Check Wallet Balance" : {
    "transaction" : "Check Wallet Balance",
    "sampleCount" : 63,
    "errorCount" : 2,
    "errorPct" : 3.1746032,
    "meanResTime" : 187.33333333333331,
    "medianResTime" : 160.0,
    "minResTime" : 156.0,
    "maxResTime" : 1001.0,
    "pct1ResTime" : 167.2,
    "pct2ResTime" : 177.2,
    "pct3ResTime" : 1001.0,
    "throughput" : 0.22694197489949713,
    "receivedKBytesPerSec" : 0.05119491816580453,
    "sentKBytesPerSec" : 0.12787648390332992
  },
  "View Bet History" : {
    "transaction" : "View Bet History",
    "sampleCount" : 59,
    "errorCount" : 0,
    "errorPct" : 0.0,
    "meanResTime" : 189.57627118644064,
    "medianResTime" : 162.0,
    "minResTime" : 157.0,
    "maxResTime" : 985.0,
    "pct1ResTime" : 168.0,
    "pct2ResTime" : 175.0,
    "pct3ResTime" : 985.0,
    "throughput" : 0.23660950608768186,
    "receivedKBytesPerSec" : 0.07694430227265436,
    "sentKBytesPerSec" : 0.1328617832035323
  },
  "Login" : {
    "transaction" : "Login",
    "sampleCount" : 25,
    "errorCount" : 1,
    "errorPct" : 4.0,
    "meanResTime" : 542.8399999999999,
    "medianResTime" : 452.0,
    "minResTime" : 434.0,
    "maxResTime" : 1886.0,
    "pct1ResTime" : 800.6000000000015,
    "pct2ResTime" : 1691.5999999999995,
    "pct3ResTime" : 1886.0,
    "throughput" : 0.42279722645019446,
    "receivedKBytesPerSec" : 0.25557762028581094,
    "sentKBytesPerSec" : 0.1110668495264671
  },
  "View Next Draw" : {
    "transaction" : "View Next Draw",
    "sampleCount" : 352,
    "errorCount" : 0,
    "errorPct" : 0.0,
    "meanResTime" : 160.51420454545456,
    "medianResTime" : 156.0,
    "minResTime" : 149.0,
    "maxResTime" : 331.0,
    "pct1ResTime" : 166.0,
    "pct2ResTime" : 178.69999999999993,
    "pct3ResTime" : 268.46999999999997,
    "throughput" : 1.1629059433744096,
    "receivedKBytesPerSec" : 0.4167836730648518,
    "sentKBytesPerSec" : 0.21918051471802835
  },
  "Banks List (Baseline)" : {
    "transaction" : "Banks List (Baseline)",
    "sampleCount" : 1,
    "errorCount" : 0,
    "errorPct" : 0.0,
    "meanResTime" : 1364.0,
    "medianResTime" : 1364.0,
    "minResTime" : 1364.0,
    "maxResTime" : 1364.0,
    "pct1ResTime" : 1364.0,
    "pct2ResTime" : 1364.0,
    "pct3ResTime" : 1364.0,
    "throughput" : 0.7331378299120235,
    "receivedKBytesPerSec" : 25.212352226906155,
    "sentKBytesPerSec" : 0.13674738819648094
  },
  "Place Bet (CRITICAL)" : {
    "transaction" : "Place Bet (CRITICAL)",
    "sampleCount" : 39,
    "errorCount" : 39,
    "errorPct" : 100.0,
    "meanResTime" : 8.128205128205128,
    "medianResTime" : 6.0,
    "minResTime" : 3.0,
    "maxResTime" : 40.0,
    "pct1ResTime" : 14.0,
    "pct2ResTime" : 33.0,
    "pct3ResTime" : 40.0,
    "throughput" : 0.15698207989180313,
    "receivedKBytesPerSec" : 0.06469378683041105,
    "sentKBytesPerSec" : 0.12294885554025986
  },
  "View Draw Results" : {
    "transaction" : "View Draw Results",
    "sampleCount" : 373,
    "errorCount" : 0,
    "errorPct" : 0.0,
    "meanResTime" : 161.04289544235925,
    "medianResTime" : 157.0,
    "minResTime" : 151.0,
    "maxResTime" : 390.0,
    "pct1ResTime" : 166.0,
    "pct2ResTime" : 174.3,
    "pct3ResTime" : 274.8599999999999,
    "throughput" : 1.1583635087544952,
    "receivedKBytesPerSec" : 1.6504417571023522,
    "sentKBytesPerSec" : 0.2160619435274498
  },
  "Get Banks List" : {
    "transaction" : "Get Banks List",
    "sampleCount" : 40,
    "errorCount" : 0,
    "errorPct" : 0.0,
    "meanResTime" : 313.59999999999997,
    "medianResTime" : 316.0,
    "minResTime" : 157.0,
    "maxResTime" : 468.0,
    "pct1ResTime" : 418.59999999999997,
    "pct2ResTime" : 440.95,
    "pct3ResTime" : 468.0,
    "throughput" : 0.1377994122855066,
    "receivedKBytesPerSec" : 4.738873343392691,
    "sentKBytesPerSec" : 0.025702820064972424
  },
  "Total" : {
    "transaction" : "Total",
    "sampleCount" : 1762,
    "errorCount" : 43,
    "errorPct" : 2.4404087,
    "meanResTime" : 172.29568671963648,
    "medianResTime" : 158.0,
    "minResTime" : 3.0,
    "maxResTime" : 2907.0,
    "pct1ResTime" : 172.70000000000005,
    "pct2ResTime" : 262.8499999999999,
    "pct3ResTime" : 458.0,
    "throughput" : 5.205917373050367,
    "receivedKBytesPerSec" : 11.141591322560059,
    "sentKBytesPerSec" : 1.3993401612371883
  },
  "Check Balance Before Bet" : {
    "transaction" : "Check Balance Before Bet",
    "sampleCount" : 40,
    "errorCount" : 0,
    "errorPct" : 0.0,
    "meanResTime" : 160.32500000000002,
    "medianResTime" : 159.5,
    "minResTime" : 154.0,
    "maxResTime" : 174.0,
    "pct1ResTime" : 165.9,
    "pct2ResTime" : 172.85,
    "pct3ResTime" : 174.0,
    "throughput" : 0.15470476529353294,
    "receivedKBytesPerSec" : 0.0349785359224465,
    "sentKBytesPerSec" : 0.08717250934996924
  },
  "View Draws" : {
    "transaction" : "View Draws",
    "sampleCount" : 291,
    "errorCount" : 0,
    "errorPct" : 0.0,
    "meanResTime" : 161.44673539518908,
    "medianResTime" : 157.0,
    "minResTime" : 150.0,
    "maxResTime" : 390.0,
    "pct1ResTime" : 169.8,
    "pct2ResTime" : 180.0,
    "pct3ResTime" : 245.75999999999806,
    "throughput" : 0.9482379392932205,
    "receivedKBytesPerSec" : 1.038061259714551,
    "sentKBytesPerSec" : 0.22336657563093668
  },
  "View Profile" : {
    "transaction" : "View Profile",
    "sampleCount" : 62,
    "errorCount" : 0,
    "errorPct" : 0.0,
    "meanResTime" : 164.33870967741942,
    "medianResTime" : 164.0,
    "minResTime" : 158.0,
    "maxResTime" : 189.0,
    "pct1ResTime" : 169.0,
    "pct2ResTime" : 172.85,
    "pct3ResTime" : 189.0,
    "throughput" : 0.2369061584137986,
    "receivedKBytesPerSec" : 0.0999447855808213,
    "sentKBytesPerSec" : 0.13325971410776175
  }
}